x1,x2,year,count,url
('til) I Kissed You,The Everly Brothers,1959,7,/the-everly-brothers/('til)-i-kissed-you/
(Marie's The Name) His Latest Flame,Elvis Presley,1961,2,/elvis-presley/(marie's-the-name)-his-latest-flame/
(Now and Then There's) A Fool Such As I,Elvis Presley With The Jordanaires,1959,5,/elvis-presley-with-the-jordanaires/(now-and-then-there's)-a-fool-such-as-i/
(Seven Little Girls) Sitting In The Back Seat,Paul Evans and the Curls,1959,2,/paul-evans-and-the-curls/(seven-little-girls)-sitting-in-the-back-seat/
(The Man Who Shot) Liberty Valance,Gene Pitney,1962,5,/gene-pitney/(the-man-who-shot)-liberty-valance/
16 Candles,The Crests,1959,8,/the-crests/16-candles/
A Big Hunk O' Love,Elvis Presley With The Jordanaires,1959,7,/elvis-presley-with-the-jordanaires/a-big-hunk-o'-love/
A Boy Without A Girl,Frankie Avalon,1959,1,/frankie-avalon/a-boy-without-a-girl/
A Hundred Pounds Of Clay,Gene McDaniels,1961,8,/gene-mcdaniels/a-hundred-pounds-of-clay/
A Little Bitty Tear,Burl Ives,1962,2,/burl-ives/a-little-bitty-tear/
A Lover's Question,Clyde McPhatter,1959,5,/clyde-mcphatter/a-lover's-question/
A Million To One,Jimmy Charles and The Revelletts,1960,5,/jimmy-charles-and-the-revelletts/a-million-to-one/
A Rockin' Good Way (To Mess Around And Fall In Love),Dinah Washington & Brook Benton,1960,3,/dinah-washington-&-brook-benton/a-rockin'-good-way-(to-mess-around-and-fall-in-love)/
A Teenager In Love,Dion & The Belmonts,1959,7,/dion-&-the-belmonts/a-teenager-in-love/
A Thousand Stars,Kathy Young With The Innocents,1960,8,/kathy-young-with-the-innocents/a-thousand-stars/
"Ahab, The Arab",Ray Stevens,1962,5,"/ray-stevens/ahab,-the-arab/"
Al Di La',Emilio Pericoli,1962,3,/emilio-pericoli/al-di-la'/
All Alone Am I,Brenda Lee,1962,7,/brenda-lee/all-alone-am-i/
Alley Cat,Bent Fabric and His Piano,1962,3,/bent-fabric-and-his-piano/alley-cat/
Alley-Oop,Hollywood Argyles,1960,8,/hollywood-argyles/alley-oop/
Alone At Last,Jackie Wilson,1960,1,/jackie-wilson/alone-at-last/
Along Came Jones,The Coasters,1959,2,/the-coasters/along-came-jones/
Alvin's Harmonica,David Seville And The Chipmunks,1959,6,/david-seville-and-the-chipmunks/alvin's-harmonica/
Among My Souvenirs,Connie Francis,1959,2,/connie-francis/among-my-souvenirs/
Among My Souvenirs,Connie Francis,1960,3,/connie-francis/among-my-souvenirs/
Angel Baby,Rosie And The Originals,1960,1,/rosie-and-the-originals/angel-baby/
Angel Baby,Rosie And The Originals,1961,6,/rosie-and-the-originals/angel-baby/
Apache,Jorgen Ingmann & His Guitar,1961,5,/jorgen-ingmann-&-his-guitar/apache/
Are You Lonesome To-night?,Elvis Presley With The Jordanaires,1960,7,/elvis-presley-with-the-jordanaires/are-you-lonesome-to-night?/
Are You Lonesome To-night?,Elvis Presley With The Jordanaires,1961,4,/elvis-presley-with-the-jordanaires/are-you-lonesome-to-night?/
As If I Didn't Know,Adam Wade,1961,2,/adam-wade/as-if-i-didn't-know/
Asia Minor,Kokomo,1961,1,/kokomo/asia-minor/
Baby (You've Got What It Takes),Dinah Washington & Brook Benton,1960,6,/dinah-washington-&-brook-benton/baby-(you've-got-what-it-takes)/
Baby It's You,The Shirelles,1962,2,/the-shirelles/baby-it's-you/
Baby Sittin' Boogie,Buzz Clifford,1961,3,/buzz-clifford/baby-sittin'-boogie/
Baby Talk,Jan & Dean,1959,1,/jan-&-dean/baby-talk/
Be My Guest,Fats Domino,1959,2,/fats-domino/be-my-guest/
Because They're Young,Duane Eddy And The Rebels,1960,4,/duane-eddy-and-the-rebels/because-they're-young/
Beyond The Sea,Bobby Darin,1960,4,/bobby-darin/beyond-the-sea/
Big Bad John,Jimmy Dean,1961,10,/jimmy-dean/big-bad-john/
Big Girls Don't Cry,The 4 Seasons,1962,9,/the-4-seasons/big-girls-don't-cry/
Blue Angel,Roy Orbison,1960,2,/roy-orbison/blue-angel/
Blue Moon,The Marcels,1961,8,/the-marcels/blue-moon/
Bobby Sox To Stockings,Frankie Avalon,1959,1,/frankie-avalon/bobby-sox-to-stockings/
Bobby's Girl,Marcie Blane,1962,7,/marcie-blane/bobby's-girl/
Break It To Me Gently,Brenda Lee,1962,7,/brenda-lee/break-it-to-me-gently/
Breakin' In A Brand New Broken Heart,Connie Francis,1961,3,/connie-francis/breakin'-in-a-brand-new-broken-heart/
Breaking Up Is Hard To Do,Neil Sedaka,1962,7,/neil-sedaka/breaking-up-is-hard-to-do/
Bristol Stomp,The Dovells,1961,9,/the-dovells/bristol-stomp/
Broken-Hearted Melody,Sarah Vaughan,1959,4,/sarah-vaughan/broken-hearted-melody/
Burning Bridges,Jack Scott,1960,6,/jack-scott/burning-bridges/
But I Do,Clarence Henry,1961,5,/clarence-henry/but-i-do/
Calcutta,Lawrence Welk And His Orchestra,1961,9,/lawrence-welk-and-his-orchestra/calcutta/
Calendar Girl,Neil Sedaka,1961,5,/neil-sedaka/calendar-girl/
Can't Help Falling In Love,Elvis Presley With The Jordanaires,1961,2,/elvis-presley-with-the-jordanaires/can't-help-falling-in-love/
Can't Help Falling In Love,Elvis Presley With The Jordanaires,1962,7,/elvis-presley-with-the-jordanaires/can't-help-falling-in-love/
Cathy's Clown,The Everly Brothers,1960,9,/the-everly-brothers/cathy's-clown/
Chain Gang,Sam Cooke,1960,8,/sam-cooke/chain-gang/
Charlie Brown,The Coasters,1959,8,/the-coasters/charlie-brown/
Chip Chip,Gene McDaniels,1962,1,/gene-mcdaniels/chip-chip/
Cindy's Birthday,Johnny Crawford,1962,2,/johnny-crawford/cindy's-birthday/
Come Softly To Me,The Fleetwoods,1959,8,/the-fleetwoods/come-softly-to-me/
"Corinna, Corinna",Ray Peterson,1960,2,"/ray-peterson/corinna,-corinna/"
"Corinna, Corinna",Ray Peterson,1961,3,"/ray-peterson/corinna,-corinna/"
Cradle Of Love,Johnny Preston,1960,5,/johnny-preston/cradle-of-love/
Crazy,Patsy Cline,1961,2,/patsy-cline/crazy/
Crying,Roy Orbison,1961,5,/roy-orbison/crying/
Crying In The Rain,The Everly Brothers,1962,5,/the-everly-brothers/crying-in-the-rain/
Daddy's Home,Shep And The Limelites,1961,4,/shep-and-the-limelites/daddy's-home/
Dance On Little Girl,Paul Anka,1961,1,/paul-anka/dance-on-little-girl/
Danny Boy,Conway Twitty,1959,1,/conway-twitty/danny-boy/
Dear Lady Twist,Gary U.S. Bonds,1962,3,/gary-u.s.-bonds/dear-lady-twist/
Deck Of Cards,Wink Martindale,1959,5,/wink-martindale/deck-of-cards/
Dedicated To The One I Love,The Shirelles,1961,9,/the-shirelles/dedicated-to-the-one-i-love/
Devil Or Angel,Bobby Vee,1960,5,/bobby-vee/devil-or-angel/
Do You Love Me,The Contours,1962,5,/the-contours/do-you-love-me/
Does Your Chewing Gum Lose It's Flavor (On The Bedpost Over Night),Lonnie Donegan And His Skiffle Group,1961,4,/lonnie-donegan-and-his-skiffle-group/does-your-chewing-gum-lose-it's-flavor-(on-the-bedpost-over-night)/
Don't Bet Money Honey,Linda Scott,1961,2,/linda-scott/don't-bet-money-honey/
Don't Break The Heart That Loves You,Connie Francis,1962,6,/connie-francis/don't-break-the-heart-that-loves-you/
Don't Hang Up,The Orlons,1962,6,/the-orlons/don't-hang-up/
Don't Worry,Marty Robbins,1961,7,/marty-robbins/don't-worry/
Don't You Know,Della Reese,1959,8,/della-reese/don't-you-know/
Donna,Ritchie Valens,1959,10,/ritchie-valens/donna/
Dream Baby (How Long Must I Dream),Roy Orbison,1962,3,/roy-orbison/dream-baby-(how-long-must-i-dream)/
Dream Lover,Bobby Darin,1959,10,/bobby-darin/dream-lover/
Duke Of Earl,Gene Chandler,1962,8,/gene-chandler/duke-of-earl/
Dum Dum,Brenda Lee,1961,6,/brenda-lee/dum-dum/
Ebony Eyes,The Everly Brothers,1961,4,/the-everly-brothers/ebony-eyes/
El Paso,Marty Robbins,1959,2,/marty-robbins/el-paso/
El Paso,Marty Robbins,1960,7,/marty-robbins/el-paso/
Emotions,Brenda Lee,1961,4,/brenda-lee/emotions/
Every Beat Of My Heart,Pips,1961,6,/pips/every-beat-of-my-heart/
Everybody Loves Me But You,Brenda Lee,1962,3,/brenda-lee/everybody-loves-me-but-you/
Everybody's Somebody's Fool,Connie Francis,1960,8,/connie-francis/everybody's-somebody's-fool/
Exodus,Ferrante & Teicher,1960,4,/ferrante-&-teicher/exodus/
Exodus,Ferrante & Teicher,1961,7,/ferrante-&-teicher/exodus/
Finger Poppin' Time,Hank Ballard And The Midnighters,1960,4,/hank-ballard-and-the-midnighters/finger-poppin'-time/
Fool #1,Brenda Lee,1961,5,/brenda-lee/fool-#1/
Footsteps,Steve Lawrence,1960,2,/steve-lawrence/footsteps/
Forever,The Little Dippers,1960,1,/the-little-dippers/forever/
Forty Miles Of Bad Road,Duane Eddy And The Rebels,1959,3,/duane-eddy-and-the-rebels/forty-miles-of-bad-road/
Frankie,Connie Francis,1959,1,/connie-francis/frankie/
Funny Way Of Laughin',Burl Ives,1962,1,/burl-ives/funny-way-of-laughin'/
Gee Whiz (Look At His Eyes),Carla Thomas,1961,1,/carla-thomas/gee-whiz-(look-at-his-eyes)/
Georgia On My Mind,Ray Charles,1960,5,/ray-charles/georgia-on-my-mind/
Gina,Johnny Mathis,1962,5,/johnny-mathis/gina/
Go Away Little Girl,Steve Lawrence,1962,3,/steve-lawrence/go-away-little-girl/
"Go, Jimmy, Go",Jimmy Clanton,1960,5,"/jimmy-clanton/go,-jimmy,-go/"
Good Luck Charm,Elvis Presley With The Jordanaires,1962,7,/elvis-presley-with-the-jordanaires/good-luck-charm/
Good Timin',Jimmy Jones,1960,7,/jimmy-jones/good-timin'/
Goodbye Baby,Jack Scott,1959,4,/jack-scott/goodbye-baby/
Goodbye Cruel World,James Darren,1961,7,/james-darren/goodbye-cruel-world/
Goodbye Cruel World,James Darren,1962,1,/james-darren/goodbye-cruel-world/
Gotta Travel On,Billy Grammer,1959,7,/billy-grammer/gotta-travel-on/
Gravy (For My Mashed Potatoes),Dee Dee Sharp,1962,3,/dee-dee-sharp/gravy-(for-my-mashed-potatoes)/
Green Onions,Booker T. & The MG's,1962,6,/booker-t.-&-the-mg's/green-onions/
Greenfields,The Brothers Four,1960,9,/the-brothers-four/greenfields/
Guitar Boogie Shuffle,The Virtues,1959,6,/the-virtues/guitar-boogie-shuffle/
Handy Man,Jimmy Jones,1960,9,/jimmy-jones/handy-man/
"Happy Birthday, Sweet Sixteen",Neil Sedaka,1961,4,"/neil-sedaka/happy-birthday,-sweet-sixteen/"
"Happy Birthday, Sweet Sixteen",Neil Sedaka,1962,3,"/neil-sedaka/happy-birthday,-sweet-sixteen/"
Happy-Go-Lucky-Me,Paul Evans,1960,1,/paul-evans/happy-go-lucky-me/
Harbor Lights,The Platters,1960,4,/the-platters/harbor-lights/
Hats Off To Larry,Del Shannon,1961,5,/del-shannon/hats-off-to-larry/
He Will Break Your Heart,Jerry Butler,1960,3,/jerry-butler/he-will-break-your-heart/
He'll Have To Go,Jim Reeves,1960,12,/jim-reeves/he'll-have-to-go/
He'll Have To Stay,Jeanne Black,1960,6,/jeanne-black/he'll-have-to-stay/
He's A Rebel,The Crystals,1962,7,/the-crystals/he's-a-rebel/
Heartaches,The Marcels,1961,1,/the-marcels/heartaches/
Heartaches By The Number,Guy Mitchell,1959,8,/guy-mitchell/heartaches-by-the-number/
Heartaches By The Number,Guy Mitchell,1960,2,/guy-mitchell/heartaches-by-the-number/
Hello Mary Lou,Ricky Nelson,1961,1,/ricky-nelson/hello-mary-lou/
Her Royal Majesty,James Darren,1962,3,/james-darren/her-royal-majesty/
Hey! Baby,Bruce Channel,1962,8,/bruce-channel/hey!-baby/
Hit The Road Jack,Ray Charles and his Orchestra,1961,8,/ray-charles-and-his-orchestra/hit-the-road-jack/
Hotel Happiness,Brook Benton,1962,1,/brook-benton/hotel-happiness/
Hound Dog Man,Fabian,1959,2,/fabian/hound-dog-man/
Hurt,Timi Yuro,1961,3,/timi-yuro/hurt/
I Can't Stop Loving You,Ray Charles,1962,11,/ray-charles/i-can't-stop-loving-you/
I Cried A Tear,LaVern Baker,1959,3,/lavern-baker/i-cried-a-tear/
I Feel So Bad,Elvis Presley,1961,3,/elvis-presley/i-feel-so-bad/
I Know (You Don't Love Me No More),Barbara George,1962,6,/barbara-george/i-know-(you-don't-love-me-no-more)/
"I Like It Like That, Part 1",Chris Kenner,1961,7,"/chris-kenner/i-like-it-like-that,-part-1/"
I Love How You Love Me,The Paris Sisters,1961,3,/the-paris-sisters/i-love-how-you-love-me/
I Love The Way You Love,Marv Johnson,1960,1,/marv-johnson/i-love-the-way-you-love/
I Need Your Love Tonight,Elvis Presley With The Jordanaires,1959,5,/elvis-presley-with-the-jordanaires/i-need-your-love-tonight/
I Remember You,Frank Ifield,1962,4,/frank-ifield/i-remember-you/
I Understand (Just How You Feel),The G-Clefs,1961,1,/the-g-clefs/i-understand-(just-how-you-feel)/
I Want To Be Wanted,Brenda Lee,1960,6,/brenda-lee/i-want-to-be-wanted/
I Want To Walk You Home,Fats Domino,1959,5,/fats-domino/i-want-to-walk-you-home/
I'm Gonna Get Married,Lloyd Price,1959,6,/lloyd-price/i'm-gonna-get-married/
I'm Sorry,Brenda Lee,1960,11,/brenda-lee/i'm-sorry/
I've Had It,The Bell Notes,1959,4,/the-bell-notes/i've-had-it/
I've Told Every Little Star,Linda Scott,1961,5,/linda-scott/i've-told-every-little-star/
If I Had A Hammer (The Hammer Song),"Peter, Paul & Mary",1962,1,"/peter,-paul-&-mary/if-i-had-a-hammer-(the-hammer-song)/"
Image Of A Girl,Safaris with The Phantom's Band,1960,5,/safaris-with-the-phantom's-band/image-of-a-girl/
In My Little Corner Of The World,Anita Bryant,1960,1,/anita-bryant/in-my-little-corner-of-the-world/
In The Mood,Ernie Fields & Orch.,1959,4,/ernie-fields-&-orch./in-the-mood/
It Keeps Right On A-Hurtin',Johnny Tillotson,1962,6,/johnny-tillotson/it-keeps-right-on-a-hurtin'/
It's Just A Matter Of Time,Brook Benton,1959,7,/brook-benton/it's-just-a-matter-of-time/
It's Late,Ricky Nelson,1959,3,/ricky-nelson/it's-late/
It's Now Or Never,Elvis Presley With The Jordanaires,1960,11,/elvis-presley-with-the-jordanaires/it's-now-or-never/
It's Time To Cry,Paul Anka,1959,3,/paul-anka/it's-time-to-cry/
It's Time To Cry,Paul Anka,1960,2,/paul-anka/it's-time-to-cry/
Itsy Bitsy Teenie Weenie Yellow Polkadot Bikini,Brian Hyland,1960,8,/brian-hyland/itsy-bitsy-teenie-weenie-yellow-polkadot-bikini/
Johnny Angel,Shelley Fabares,1962,9,/shelley-fabares/johnny-angel/
Johnny Get Angry,Joanie Sommers,1962,2,/joanie-sommers/johnny-get-angry/
Just A Little Too Much,Ricky Nelson,1959,1,/ricky-nelson/just-a-little-too-much/
Just Ask Your Heart,Frankie Avalon,1959,4,/frankie-avalon/just-ask-your-heart/
Kansas City,Wilbert Harrison,1959,8,/wilbert-harrison/kansas-city/
Kiddio,Brook Benton,1960,4,/brook-benton/kiddio/
"Kookie, Kookie (Lend Me Your Comb)",Edward Byrnes & Connie Stevens,1959,6,"/edward-byrnes-&-connie-stevens/kookie,-kookie-(lend-me-your-comb)/"
Last Date,Floyd Cramer,1960,8,/floyd-cramer/last-date/
Last Date,Floyd Cramer,1961,2,/floyd-cramer/last-date/
Last Night,Mar-Keys,1961,5,/mar-keys/last-night/
Lavender-Blue,Sammy Turner,1959,6,/sammy-turner/lavender-blue/
Let It Be Me,The Everly Brothers,1960,4,/the-everly-brothers/let-it-be-me/
Let Me In,The Sensations,1962,4,/the-sensations/let-me-in/
Let The Little Girl Dance,Billy Bland,1960,4,/billy-bland/let-the-little-girl-dance/
Let There Be Drums,Sandy Nelson,1961,3,/sandy-nelson/let-there-be-drums/
Let's Dance,Chris Montez,1962,5,/chris-montez/let's-dance/
Let's Get Together,Hayley Mills and Hayley Mills,1961,3,/hayley-mills-and-hayley-mills/let's-get-together/
"Let's Go, Let's Go, Let's Go",Hank Ballard And The Midnighters,1960,5,"/hank-ballard-and-the-midnighters/let's-go,-let's-go,-let's-go/"
Let's Think About Living,Bob Luman,1960,2,/bob-luman/let's-think-about-living/
Let's Twist Again,Chubby Checker,1961,5,/chubby-checker/let's-twist-again/
Limbo Rock,Chubby Checker,1962,8,/chubby-checker/limbo-rock/
Lipstick On Your Collar,Connie Francis,1959,6,/connie-francis/lipstick-on-your-collar/
Little Diane,Dion,1962,3,/dion/little-diane/
Little Sister,Elvis Presley,1961,4,/elvis-presley/little-sister/
Lonely Blue Boy,Conway Twitty,1960,3,/conway-twitty/lonely-blue-boy/
Lonely Boy,Paul Anka,1959,10,/paul-anka/lonely-boy/
Lonely Street,Andy Williams,1959,6,/andy-williams/lonely-street/
Lonely Teardrops,Jackie Wilson,1959,5,/jackie-wilson/lonely-teardrops/
Lonesome Town,Ricky Nelson,1959,1,/ricky-nelson/lonesome-town/
Love Came To Me,Dion,1962,1,/dion/love-came-to-me/
Love Letters,Ketty Lester,1962,3,/ketty-lester/love-letters/
Love You So,Ron Holden with The Thunderbirds,1960,3,/ron-holden-with-the-thunderbirds/love-you-so/
Lover Please,Clyde McPhatter,1962,4,/clyde-mcphatter/lover-please/
Lovers Who Wander,Dion,1962,4,/dion/lovers-who-wander/
Mack The Knife,Bobby Darin,1959,16,/bobby-darin/mack-the-knife/
Mama,Connie Francis,1960,3,/connie-francis/mama/
Mama Said,The Shirelles,1961,4,/the-shirelles/mama-said/
Manhattan Spiritual,Reg Owen & His Orchestra,1959,2,/reg-owen-&-his-orchestra/manhattan-spiritual/
Many Tears Ago,Connie Francis,1960,4,/connie-francis/many-tears-ago/
Mashed Potato Time,Dee Dee Sharp,1962,9,/dee-dee-sharp/mashed-potato-time/
Mexico,Bob Moore and His Orch.,1961,3,/bob-moore-and-his-orch./mexico/
Michael,The Highwaymen,1961,9,/the-highwaymen/michael/
Midnight In Moscow,Kenny Ball and his Jazzmen,1962,7,/kenny-ball-and-his-jazzmen/midnight-in-moscow/
Mission Bell,Donnie Brooks,1960,4,/donnie-brooks/mission-bell/
Monster Mash,"Bobby ""Boris"" Pickett And The Crypt-Kickers",1962,7,"/bobby-""boris""-pickett-and-the-crypt-kickers/monster-mash/"
Moody River,Pat Boone,1961,6,/pat-boone/moody-river/
Mother-In-Law,Ernie K-Doe,1961,8,/ernie-k-doe/mother-in-law/
Mr. Blue,The Fleetwoods,1959,11,/the-fleetwoods/mr.-blue/
Mr. Custer,Larry Verne,1960,7,/larry-verne/mr.-custer/
Mule Skinner Blues,The Fendermen,1960,5,/the-fendermen/mule-skinner-blues/
My Empty Arms,Jackie Wilson,1961,1,/jackie-wilson/my-empty-arms/
My Happiness,Connie Francis,1959,7,/connie-francis/my-happiness/
My Heart Has A Mind Of Its Own,Connie Francis,1960,10,/connie-francis/my-heart-has-a-mind-of-its-own/
My Heart Is An Open Book,"Carl Dobkins, Jr.",1959,7,"/carl-dobkins,-jr./my-heart-is-an-open-book/"
My Home Town,Paul Anka,1960,2,/paul-anka/my-home-town/
My True Story,The Jive Five With Joe Rene And Orchestra,1961,4,/the-jive-five-with-joe-rene-and-orchestra/my-true-story/
Never Be Anyone Else But You,Ricky Nelson,1959,6,/ricky-nelson/never-be-anyone-else-but-you/
New Orleans,U.S. Bonds,1960,3,/u.s.-bonds/new-orleans/
Next Door To An Angel,Neil Sedaka,1962,5,/neil-sedaka/next-door-to-an-angel/
Night,Jackie Wilson,1960,6,/jackie-wilson/night/
Norman,Sue Thompson,1962,7,/sue-thompson/norman/
North To Alaska,Johnny Horton,1960,6,/johnny-horton/north-to-alaska/
North To Alaska,Johnny Horton,1961,2,/johnny-horton/north-to-alaska/
O Dio Mio,Annette,1960,1,/annette/o-dio-mio/
Oh! Carol,Neil Sedaka,1959,1,/neil-sedaka/oh!-carol/
Old Rivers,Walter Brennan,1962,4,/walter-brennan/old-rivers/
On The Rebound,Floyd Cramer,1961,6,/floyd-cramer/on-the-rebound/
One Mint Julep,Ray Charles,1961,3,/ray-charles/one-mint-julep/
One Night,Elvis Presley,1959,2,/elvis-presley/one-night/
One Track Mind,Bobby Lewis,1961,1,/bobby-lewis/one-track-mind/
Only Love Can Break A Heart,Gene Pitney,1962,4,/gene-pitney/only-love-can-break-a-heart/
Only The Lonely (Know How I Feel),Roy Orbison,1960,8,/roy-orbison/only-the-lonely-(know-how-i-feel)/
Only You,Franck Pourcel's French Fiddles,1959,4,/franck-pourcel's-french-fiddles/only-you/
P.T. 109,Jimmy Dean,1962,3,/jimmy-dean/p.t.-109/
Palisades Park,Freddy Cannon,1962,7,/freddy-cannon/palisades-park/
Paper Roses,Anita Bryant,1960,6,/anita-bryant/paper-roses/
Party Lights,Claudine Clark,1962,3,/claudine-clark/party-lights/
Patches,Dickey Lee,1962,7,/dickey-lee/patches/
Peppermint Twist - Part I,Joey Dee & the Starliters,1961,3,/joey-dee-&-the-starliters/peppermint-twist---part-i/
Peppermint Twist - Part I,Joey Dee & the Starliters,1962,9,/joey-dee-&-the-starliters/peppermint-twist---part-i/
Percolator (Twist),Billy Joe & The Checkmates,1962,1,/billy-joe-&-the-checkmates/percolator-(twist)/
Personality,Lloyd Price and His Orchestra,1959,10,/lloyd-price-and-his-orchestra/personality/
Peter Gunn,Ray Anthony and His Orchestra,1959,3,/ray-anthony-and-his-orchestra/peter-gunn/
Petite Fleur (Little Flower),Chris Barber's Jazz Band,1959,3,/chris-barber's-jazz-band/petite-fleur-(little-flower)/
Pink Shoe Laces,Dodie Stevens,1959,8,/dodie-stevens/pink-shoe-laces/
Playboy,The Marvelettes,1962,5,/the-marvelettes/playboy/
"Please Help Me, I'm Falling",Hank Locklin,1960,3,"/hank-locklin/please-help-me,-i'm-falling/"
Please Mr. Postman,The Marvelettes,1961,7,/the-marvelettes/please-mr.-postman/
Poetry In Motion,Johnny Tillotson,1960,7,/johnny-tillotson/poetry-in-motion/
Poison Ivy,The Coasters,1959,5,/the-coasters/poison-ivy/
Pony Time,Chubby Checker,1961,8,/chubby-checker/pony-time/
Popeye (The Hitchhiker),Chubby Checker,1962,1,/chubby-checker/popeye-(the-hitchhiker)/
Portrait Of My Love,Steve Lawrence,1961,1,/steve-lawrence/portrait-of-my-love/
Pretty Blue Eyes,Steve Lawrence,1959,1,/steve-lawrence/pretty-blue-eyes/
Pretty Blue Eyes,Steve Lawrence,1960,5,/steve-lawrence/pretty-blue-eyes/
Pretty Little Angel Eyes,Curtis Lee,1961,4,/curtis-lee/pretty-little-angel-eyes/
Primrose Lane,Jerry Wallace With The Jewels,1959,5,/jerry-wallace-with-the-jewels/primrose-lane/
Problems,The Everly Brothers,1959,2,/the-everly-brothers/problems/
Puppy Love,Paul Anka,1960,7,/paul-anka/puppy-love/
Put Your Head On My Shoulder,Paul Anka,1959,11,/paul-anka/put-your-head-on-my-shoulder/
Quarter To Three,U.S. Bonds,1961,8,/u.s.-bonds/quarter-to-three/
Quiet Village,The Exotic Sounds of Martin Denny,1959,7,/the-exotic-sounds-of-martin-denny/quiet-village/
Raindrops,Dee Clark,1961,8,/dee-clark/raindrops/
Ramblin' Rose,Nat King Cole,1962,8,/nat-king-cole/ramblin'-rose/
Red River Rock,Johnny And The Hurricanes,1959,6,/johnny-and-the-hurricanes/red-river-rock/
Release Me,"Esther Phillips ""Little Esther""",1962,4,"/esther-phillips-""little-esther""/release-me/"
Return To Sender,Elvis Presley With The Jordanaires,1962,9,/elvis-presley-with-the-jordanaires/return-to-sender/
Ride!,Dee Dee Sharp,1962,4,/dee-dee-sharp/ride!/
Rinky Dink,Baby Cortez,1962,1,/baby-cortez/rinky-dink/
Roses Are Red (My Love),Bobby Vinton,1962,10,/bobby-vinton/roses-are-red-(my-love)/
Rubber Ball,Bobby Vee,1961,5,/bobby-vee/rubber-ball/
Run To Him,Bobby Vee,1961,4,/bobby-vee/run-to-him/
Run To Him,Bobby Vee,1962,3,/bobby-vee/run-to-him/
Runaround Sue,Dion,1961,9,/dion/runaround-sue/
Runaway,Del Shannon,1961,9,/del-shannon/runaway/
Running Bear,Johnny Preston,1960,10,/johnny-preston/running-bear/
Running Scared,Roy Orbison,1961,4,/roy-orbison/running-scared/
Sad Movies (Make Me Cry),Sue Thompson,1961,5,/sue-thompson/sad-movies-(make-me-cry)/
Sailor (Your Home Is The Sea),Lolita,1960,4,/lolita/sailor-(your-home-is-the-sea)/
San Antonio Rose,Floyd Cramer,1961,1,/floyd-cramer/san-antonio-rose/
Save The Last Dance For Me,The Drifters,1960,9,/the-drifters/save-the-last-dance-for-me/
School Is Out,Gary U.S. Bonds,1961,4,/gary-u.s.-bonds/school-is-out/
Sea Of Love,Phil Phillips With The Twilights,1959,6,/phil-phillips-with-the-twilights/sea-of-love/
Sealed With A Kiss,Brian Hyland,1962,6,/brian-hyland/sealed-with-a-kiss/
Second Hand Love,Connie Francis,1962,3,/connie-francis/second-hand-love/
She Cried,Jay & The Americans,1962,3,/jay-&-the-americans/she-cried/
She's Not You,Elvis Presley With The Jordanaires,1962,5,/elvis-presley-with-the-jordanaires/she's-not-you/
Sheila,Tommy Roe,1962,6,/tommy-roe/sheila/
Sherry,The 4 Seasons,1962,7,/the-4-seasons/sherry/
Shop Around,"The Miracles (featuring Bill ""Smokey"" Robinson)",1961,6,"/the-miracles-(featuring-bill-""smokey""-robinson)/shop-around/"
Shout - Part I,Joey Dee & the Starliters,1962,4,/joey-dee-&-the-starliters/shout---part-i/
Shout! Shout! (Knock Yourself Out),Ernie Maresca,1962,3,/ernie-maresca/shout!-shout!-(knock-yourself-out)/
Sink The Bismark,Johnny Horton,1960,7,/johnny-horton/sink-the-bismark/
Sixteen Reasons,Connie Stevens,1960,7,/connie-stevens/sixteen-reasons/
Sleep Walk,Santo & Johnny,1959,9,/santo-&-johnny/sleep-walk/
Slow Twistin',Chubby Checker (with Dee Dee Sharp),1962,7,/chubby-checker-(with-dee-dee-sharp)/slow-twistin'/
Smoke Gets In Your Eyes,The Platters,1959,7,/the-platters/smoke-gets-in-your-eyes/
Snap Your Fingers,Joe Henderson,1962,1,/joe-henderson/snap-your-fingers/
So Many Ways,Brook Benton,1959,5,/brook-benton/so-many-ways/
So Sad (To Watch Good Love Go Bad),The Everly Brothers,1960,5,/the-everly-brothers/so-sad-(to-watch-good-love-go-bad)/
Soldier Boy,The Shirelles,1962,8,/the-shirelles/soldier-boy/
Sorry (I Ran All The Way Home),The Impalas,1959,7,/the-impalas/sorry-(i-ran-all-the-way-home)/
Spanish Harlem,Ben E. King,1961,1,/ben-e.-king/spanish-harlem/
Speedy Gonzales,Pat Boone,1962,5,/pat-boone/speedy-gonzales/
Stagger Lee,Lloyd Price,1959,10,/lloyd-price/stagger-lee/
Stairway To Heaven,Neil Sedaka,1960,1,/neil-sedaka/stairway-to-heaven/
Stand By Me,Ben E. King,1961,4,/ben-e.-king/stand-by-me/
Stay,Maurice Williams & The Zodiacs,1960,5,/maurice-williams-&-the-zodiacs/stay/
Stranger On The Shore,Mr. Acker Bilk,1962,11,/mr.-acker-bilk/stranger-on-the-shore/
Stuck On You,Elvis Presley With The Jordanaires,1960,10,/elvis-presley-with-the-jordanaires/stuck-on-you/
Surrender,Elvis Presley With The Jordanaires,1961,8,/elvis-presley-with-the-jordanaires/surrender/
Sweet Nothin's,Brenda Lee,1960,7,/brenda-lee/sweet-nothin's/
Sweeter Than You,Ricky Nelson,1959,1,/ricky-nelson/sweeter-than-you/
Swingin' School,Bobby Rydell,1960,3,/bobby-rydell/swingin'-school/
Take Good Care Of Her,Adam Wade,1961,4,/adam-wade/take-good-care-of-her/
Take Good Care Of My Baby,Bobby Vee,1961,7,/bobby-vee/take-good-care-of-my-baby/
Tall Paul,Annette With The Afterbeats,1959,1,/annette-with-the-afterbeats/tall-paul/
Tallahassee Lassie,Freddy Cannon,1959,6,/freddy-cannon/tallahassee-lassie/
Teen Age Idol,Rick Nelson,1962,4,/rick-nelson/teen-age-idol/
Teen Angel,Mark Dinning,1960,10,/mark-dinning/teen-angel/
Teen Beat,Sandy Nelson,1959,8,/sandy-nelson/teen-beat/
Tell Him No,Travis & Bob,1959,2,/travis-&-bob/tell-him-no/
Tell Laura I Love Her,Ray Peterson,1960,5,/ray-peterson/tell-laura-i-love-her/
Telstar,The Tornadoes,1962,4,/the-tornadoes/telstar/
That's All You Gotta Do,Brenda Lee,1960,5,/brenda-lee/that's-all-you-gotta-do/
That's Old Fashioned (That's The Way Love Should Be),The Everly Brothers,1962,1,/the-everly-brothers/that's-old-fashioned-(that's-the-way-love-should-be)/
The All American Boy,Bill Parsons,1959,5,/bill-parsons/the-all-american-boy/
The Battle Of New Orleans,Johnny Horton,1959,13,/johnny-horton/the-battle-of-new-orleans/
The Big Hurt,Miss Toni Fisher,1959,3,/miss-toni-fisher/the-big-hurt/
The Big Hurt,Miss Toni Fisher,1960,5,/miss-toni-fisher/the-big-hurt/
The Boll Weevil Song,Brook Benton,1961,8,/brook-benton/the-boll-weevil-song/
The Cha-Cha-Cha,Bobby Rydell,1962,1,/bobby-rydell/the-cha-cha-cha/
The Chipmunk Song,The Chipmunks With David Seville,1959,3,/the-chipmunks-with-david-seville/the-chipmunk-song/
The Fly,Chubby Checker,1961,5,/chubby-checker/the-fly/
The Happy Organ,"Dave ""Baby"" Cortez",1959,7,"/dave-""baby""-cortez/the-happy-organ/"
The Lion Sleeps Tonight,The Tokens,1961,4,/the-tokens/the-lion-sleeps-tonight/
The Lion Sleeps Tonight,The Tokens,1962,5,/the-tokens/the-lion-sleeps-tonight/
The Loco-Motion,Little Eva,1962,7,/little-eva/the-loco-motion/
The Lonely Bull (El Solo Torro),Herb Alpert & The Tijuana Brass,1962,3,/herb-alpert-&-the-tijuana-brass/the-lonely-bull-(el-solo-torro)/
The Mountain's High,Dick and DeeDee,1961,3,/dick-and-deedee/the-mountain's-high/
The Old Lamplighter,The Browns Featuring Jim Edward Brown,1960,3,/the-browns-featuring-jim-edward-brown/the-old-lamplighter/
The One Who Really Loves You,Mary Wells,1962,3,/mary-wells/the-one-who-really-loves-you/
The Stripper,David Rose and His Orchestra,1962,9,/david-rose-and-his-orchestra/the-stripper/
"The Theme From ""A Summer Place""",Percy Faith And His Orchestra,1960,12,"/percy-faith-and-his-orchestra/the-theme-from-""a-summer-place""/"
The Three Bells,The Browns,1959,10,/the-browns/the-three-bells/
The Twist,Chubby Checker,1960,12,/chubby-checker/the-twist/
The Twist,Chubby Checker,1961,5,/chubby-checker/the-twist/
The Twist,Chubby Checker,1962,9,/chubby-checker/the-twist/
The Village Of St. Bernadette,Andy Williams,1960,2,/andy-williams/the-village-of-st.-bernadette/
The Wah Watusi,The Orlons,1962,6,/the-orlons/the-wah-watusi/
The Wanderer,Dion,1962,7,/dion/the-wanderer/
The Writing On The Wall,Adam Wade,1961,5,/adam-wade/the-writing-on-the-wall/
Theme From Dr. Kildare (Three Stars Will Shine Tonight),Richard Chamberlain,1962,1,/richard-chamberlain/theme-from-dr.-kildare-(three-stars-will-shine-tonight)/
Theme From The Apartment,Ferrante & Teicher,1960,3,/ferrante-&-teicher/theme-from-the-apartment/
There Goes My Baby,The Drifters,1959,6,/the-drifters/there-goes-my-baby/
There's A Moon Out Tonight,The Capris,1961,4,/the-capris/there's-a-moon-out-tonight/
Things,Bobby Darin,1962,5,/bobby-darin/things/
This Time,Troy Shondell,1961,6,/troy-shondell/this-time/
Those Oldies But Goodies (Remind Me Of You),Little Caesar and The Romans,1961,3,/little-caesar-and-the-romans/those-oldies-but-goodies-(remind-me-of-you)/
Tiger,Fabian,1959,6,/fabian/tiger/
"To Know Him, Is To Love Him",The Teddy Bears,1959,3,"/the-teddy-bears/to-know-him,-is-to-love-him/"
Together,Connie Francis,1961,4,/connie-francis/together/
Tom Dooley,The Kingston Trio,1959,1,/the-kingston-trio/tom-dooley/
Tonight,Ferrante & Teicher,1961,1,/ferrante-&-teicher/tonight/
Tossin' And Turnin',Bobby Lewis,1961,12,/bobby-lewis/tossin'-and-turnin'/
Tower Of Strength,Gene McDaniels,1961,5,/gene-mcdaniels/tower-of-strength/
Tragedy,The Fleetwoods,1961,1,/the-fleetwoods/tragedy/
Tragedy,Thomas Wayne With the Delons,1959,6,/thomas-wayne-with-the-delons/tragedy/
Travelin' Man,Ricky Nelson,1961,8,/ricky-nelson/travelin'-man/
Turn Me Loose,Fabian,1959,4,/fabian/turn-me-loose/
"Twist, Twist Senora",Gary U.S. Bonds,1962,3,"/gary-u.s.-bonds/twist,-twist-senora/"
Twistin' The Night Away,Sam Cooke,1962,2,/sam-cooke/twistin'-the-night-away/
Unchain My Heart,Ray Charles and his Orchestra,1961,1,/ray-charles-and-his-orchestra/unchain-my-heart/
Unchain My Heart,Ray Charles and his Orchestra,1962,2,/ray-charles-and-his-orchestra/unchain-my-heart/
Vacation,Connie Francis,1962,2,/connie-francis/vacation/
Venus,Frankie Avalon,1959,10,/frankie-avalon/venus/
Venus In Blue Jeans,Jimmy Clanton,1962,1,/jimmy-clanton/venus-in-blue-jeans/
Volare,Bobby Rydell,1960,5,/bobby-rydell/volare/
Walk -- Don't Run,The Ventures,1960,9,/the-ventures/walk----don't-run/
Walk On By,Leroy Van Dyke,1961,5,/leroy-van-dyke/walk-on-by/
Walk On By,Leroy Van Dyke,1962,4,/leroy-van-dyke/walk-on-by/
Walk Right Back,The Everly Brothers,1961,4,/the-everly-brothers/walk-right-back/
Walking To New Orleans,Fats Domino,1960,2,/fats-domino/walking-to-new-orleans/
Waterloo,Stonewall Jackson,1959,6,/stonewall-jackson/waterloo/
Way Down Yonder In New Orleans,Freddie Cannon,1959,2,/freddie-cannon/way-down-yonder-in-new-orleans/
Way Down Yonder In New Orleans,Freddie Cannon,1960,5,/freddie-cannon/way-down-yonder-in-new-orleans/
We Got Love,Bobby Rydell,1959,5,/bobby-rydell/we-got-love/
What A Diff'rence A Day Makes,Dinah Washington,1959,3,/dinah-washington/what-a-diff'rence-a-day-makes/
What In The World's Come Over You,Jack Scott,1960,7,/jack-scott/what-in-the-world's-come-over-you/
What'd I Say (Part I & II),Ray Charles and his Orchestra,1959,5,/ray-charles-and-his-orchestra/what'd-i-say-(part-i-&-ii)/
What's Your Name,Don & Juan,1962,4,/don-&-juan/what's-your-name/
Wheels,The String-A-Longs,1961,6,/the-string-a-longs/wheels/
When I Fall In Love,The Lettermen,1961,1,/the-lettermen/when-i-fall-in-love/
When I Fall In Love,The Lettermen,1962,3,/the-lettermen/when-i-fall-in-love/
When The Boy In Your Arms (Is The Boy In Your Heart),Connie Francis,1962,1,/connie-francis/when-the-boy-in-your-arms-(is-the-boy-in-your-heart)/
When We Get Married,The Dreamlovers,1961,1,/the-dreamlovers/when-we-get-married/
When Will I Be Loved,The Everly Brothers,1960,2,/the-everly-brothers/when-will-i-be-loved/
Where Or When,Dion & The Belmonts,1960,5,/dion-&-the-belmonts/where-or-when/
Where The Boys Are,Connie Francis,1961,5,/connie-francis/where-the-boys-are/
White Silver Sands,Bill Black's Combo,1960,1,/bill-black's-combo/white-silver-sands/
"Who Put The Bomp (In The Bomp, Bomp, Bomp)",Barry Mann,1961,2,"/barry-mann/who-put-the-bomp-(in-the-bomp,-bomp,-bomp)/"
Whole Lotta Loving,Fats Domino,1959,4,/fats-domino/whole-lotta-loving/
Why,Frankie Avalon,1959,3,/frankie-avalon/why/
Why,Frankie Avalon,1960,6,/frankie-avalon/why/
Wild One,Bobby Rydell,1960,8,/bobby-rydell/wild-one/
Will You Love Me Tomorrow,The Shirelles,1961,7,/the-shirelles/will-you-love-me-tomorrow/
Without You,Johnny Tillotson,1961,2,/johnny-tillotson/without-you/
Wolverton Mountain,Claude King,1962,4,/claude-king/wolverton-mountain/
Wonderland By Night,Bert Kaempfert And His Orchestra,1960,4,/bert-kaempfert-and-his-orchestra/wonderland-by-night/
Wonderland By Night,Bert Kaempfert And His Orchestra,1961,6,/bert-kaempfert-and-his-orchestra/wonderland-by-night/
Wooden Heart,Joe Dowell,1961,7,/joe-dowell/wooden-heart/
Ya Ya,Lee Dorsey,1961,3,/lee-dorsey/ya-ya/
Yellow Bird,Arthur Lyman Group,1961,5,/arthur-lyman-group/yellow-bird/
Yogi,The Ivy Three,1960,2,/the-ivy-three/yogi/
You Are My Sunshine,Ray Charles,1962,2,/ray-charles/you-are-my-sunshine/
You Beat Me To The Punch,Mary Wells,1962,2,/mary-wells/you-beat-me-to-the-punch/
You Belong To Me,The Duprees,1962,2,/the-duprees/you-belong-to-me/
You Can Depend On Me,Brenda Lee,1961,4,/brenda-lee/you-can-depend-on-me/
You Don't Know Me,Ray Charles,1962,5,/ray-charles/you-don't-know-me/
You Don't Know What You've Got (Until You Lose It),Ral Donner,1961,4,/ral-donner/you-don't-know-what-you've-got-(until-you-lose-it)/
You Got What It Takes,Marv Johnson,1960,1,/marv-johnson/you-got-what-it-takes/
You Must Have Been A Beautiful Baby,Bobby Darin,1961,3,/bobby-darin/you-must-have-been-a-beautiful-baby/
You Talk Too Much,Joe Jones,1960,4,/joe-jones/you-talk-too-much/
You'll Lose A Good Thing,Barbara Lynn,1962,1,/barbara-lynn/you'll-lose-a-good-thing/
You're Sixteen,Johnny Burnette,1960,3,/johnny-burnette/you're-sixteen/
You're Sixteen,Johnny Burnette,1961,1,/johnny-burnette/you're-sixteen/
Young World,Rick Nelson,1962,4,/rick-nelson/young-world/
Zip-A-Dee Doo-Dah,Bob B. Soxx And The Blue Jeans,1962,1,/bob-b.-soxx-and-the-blue-jeans/zip-a-dee-doo-dah/
